<?xml version="1.0" encoding="UTF-8"?>
<beans xmlns="http://www.springframework.org/schema/beans"
	xmlns:xsi="http://www.w3.org/2001/XMLSchema-instance"
	xmlns:context="http://www.springframework.org/schema/context"
	xsi:schemaLocation="http://www.springframework.org/schema/beans
         http://www.springframework.org/schema/beans/spring-beans-3.0.xsd
         http://www.springframework.org/schema/context
         http://www.springframework.org/schema/context/spring-context-3.0.xsd">

	<context:component-scan
		base-package="com.xworkz.mail"></context:component-scan>
		
	<bean class="org.springframework.mail.javamail.JavaMailSenderImpl">
		<property name="host" value="smtp.gmail.com"></property>
		<property name="username" value="akash.mabali7@gmail.com"></property>
		<property name="password" value="-----"></property>
		<property name="port" value="587"></property><!-- 465 -->
		<property name="javaMailProperties">
    <props>
        <prop key="mail.smtp.starttls.enable">true</prop>
        <prop key="mail.smtp.ssl.trust">smtp.gmail.com</prop>
        <prop key="mail.smtp.auth">true</prop>
    </props>
</property>
	</bean>
</beans>

