<?xml version='1.0' encoding='utf-8'?>
<!DOCTYPE hibernate-configuration PUBLIC
        "-//Hibernate/Hibernate Configuration DTD 3.0//EN"
        "http://hibernate.sourceforge.net/hibernate-configuration-3.0.dtd">

<hibernate-configuration>

	<!-- session-factory internally do connection activities -->
	<session-factory>
		<property name="hibernate.connection.driver_class">com.mysql.cj.jdbc.Driver</property>
		<property name="hibernate.connection.url">jdbc:mysql://localhost:3306/tvremote</property>
		<property name="hibernate.connection.username">root</property>
		<property name="hibernate.connection.password">Akash@006</property>
		<!-- default it is set true, so need to change it to true -->
		<property name="hibernate.show_sql">true</property>
		<!-- this property formats the sql query written by the hibernate -->
		<property name="hibernate.format_sql">true</property>
		<property name="hbm2ddl.auto">update</property>

		<mapping class="com.xworkz.tvremote.entity.TvRemoteEntity" />
	</session-factory>

</hibernate-configuration>